tweet_id,tweet,followers_count,verified,retweet_count,verified_in_support,verified_in_deny,support,deny,neutral,category,tense
580322349569994752,"Germanwings #A320 plane crashes in southern France, French prime minister says. More soon. http://t.co/cBKN5dN40H",131557,1,59,0,0,0,0,1,rumours,-1
580324697415360512,French President François Hollande states that there are no survivors expected in the Germanwings #4U9525 crash.,7039,0,39,0,0,0,0,1,rumours,-1
580320161082830848,"#breaking Airbus A320 crashes in southern France with 148 people on board 
#Germanwings http://t.co/suRCtXRGsU",147333,1,122,0,0,4,0,0,rumours,-1
580335545265627136,"Before crash, pilots of #Germanwings A320 reported emergency at 10:47 local time and descended rapidly to 5,000 feet. http://t.co/CwF82tkUVg",159350,1,38,0,0,0,0,1,rumours,-1
580883510103281665,BREAKING: Pilot on #Germanwings flight left cockpit before plane’s descent and couldn’t get back in: New York Times http://t.co/dZiWRFli74,406667,1,66,0,0,0,0,2,rumours,-1
580366761398239232,Germanwings Airbus A320 plane crash: Two babies and 16 children among 150 dead http://t.co/UGlaM0vpoK http://t.co/9yCcn7Hzz8,337977,1,87,0,0,1,0,2,rumours,-1
580330369603366913,VIDEO -  BREAKING NEWS - Germanwings Airbus crashes in the French Alps with 148 onboard http://t.co/C2fJV2Uapu http://t.co/y0RoEPBMqM,93671,1,58,0,0,1,0,0,rumours,-1
580353449721655296,"German Airbus A320 Plane Crashes, 148 People DEAD
https://t.co/94oOOSSSVv
#4U9525 #germanwings #GermanWingsCrash #Airbus320 #planecrash",228,0,114,0,0,0,0,0,rumours,-1
580346392431968257,"Last words from #Germanwings A320 distress call were ""emergency, emergency,"" authorities say. http://t.co/FXVBrA7RPz http://t.co/OxfPISsdvj",16318700,1,1085,0,0,0,0,0,rumours,-1
